1,lakme-vitamin-c-serum-1.jpg
2,mamaearth-salicylic-acid-cleanser-2.jpg
3,loreal-spf-50-sunscreen-3.jpg
4,neutrogena-hydro-boost-gel-4.jpg
5,the-face-shop-rice-water-toner-5.jpg
6,kiehls-midnight-recovery-oil-6.jpg
7,biotique-bio-cucumber-lotion-7.jpg
8,cetaphil-daily-facial-cleanser-8.jpg
9,simple-kind-to-skin-moisturizer-9.jpg
10,olay-regenerist-cream-10.jpg
11,neem-face-wash-11.jpg
12,himalaya-herbals-moisturizing-cream-12.jpg
13,vicco-turmeric-cream-13.jpg
14,azelaic-acid-treatment-14.jpg
15,rose-water-toner-15.jpg
16,aloe-vera-gel-16.jpg
17,retinol-night-cream-17.jpg
18,hyaluronic-acid-serum-18.jpg
19,vitamin-e-oil-19.jpg
20,glycolic-acid-exfoliant-20.jpg
21,charcoal-face-mask-21.jpg
22,peptide-eye-cream-22.jpg
23,salicylic-acid-toner-23.jpg
24,kojic-acid-soap-24.jpg
25,tea-tree-oil-spot-treatment-25.jpg
26,snail-mucin-essence-26.jpg
27,vitamin-c-brightening-mask-27.jpg
28,sulfur-acne-soap-28.jpg
29,lactic-acid-toner-29.jpg
30,micellar-water-30.jpg
31,head-shoulders-anti-dandruff-shampoo-31.jpg
32,khadi-onion-hair-oil-32.jpg
33,dove-argan-oil-conditioner-33.jpg
34,loreal-total-repair-5-shampoo-34.jpg
35,st-botanica-moroccan-argan-oil-35.jpg
36,wow-onion-shampoo-36.jpg
37,biotique-bhringraj-shampoo-37.jpg
38,pantene-pro-v-conditioner-38.jpg
39,forest-essentials-hair-serum-39.jpg
40,mamaearth-onion-hair-mask-40.jpg
41,coconut-hair-oil-41.jpg
42,neem-hair-oil-42.jpg
43,keratin-smoothing-shampoo-43.jpg
44,apple-cider-vinegar-hair-rinse-44.jpg
45,tea-tree-oil-scalp-treatment-45.jpg
46,rice-bran-hair-mask-46.jpg
47,rosemary-hair-growth-oil-47.jpg
48,almond-oil-hair-serum-48.jpg
49,amla-hair-powder-49.jpg
50,castor-oil-50.jpg
51,henna-hair-color-51.jpg
52,shikakai-natural-shampoo-52.jpg
53,hibiscus-hair-pack-53.jpg
54,argan-coconut-hair-spray-54.jpg
55,biotin-hair-growth-tablets-55.jpg